--this is a script generated by using the scrip-migration command

IF OBJECT_ID(N'[__EFMigrationsHistory]') IS NULL
BEGIN
    CREATE TABLE [__EFMigrationsHistory] (
        [MigrationId] nvarchar(150) NOT NULL,
        [ProductVersion] nvarchar(32) NOT NULL,
        CONSTRAINT [PK___EFMigrationsHistory] PRIMARY KEY ([MigrationId])
    );
END;
GO

BEGIN TRANSACTION;
GO

CREATE TABLE [Genres] (
    [Id] int NOT NULL IDENTITY,
    [Name] nvarchar(max) NOT NULL,
    CONSTRAINT [PK_Genres] PRIMARY KEY ([Id])
);
GO

INSERT INTO [__EFMigrationsHistory] ([MigrationId], [ProductVersion])
VALUES (N'20230909144934_initial', N'7.0.10');
GO

COMMIT;
GO

BEGIN TRANSACTION;
GO

DECLARE @var0 sysname;
SELECT @var0 = [d].[name]
FROM [sys].[default_constraints] [d]
INNER JOIN [sys].[columns] [c] ON [d].[parent_column_id] = [c].[column_id] AND [d].[parent_object_id] = [c].[object_id]
WHERE ([d].[parent_object_id] = OBJECT_ID(N'[Genres]') AND [c].[name] = N'Name');
IF @var0 IS NOT NULL EXEC(N'ALTER TABLE [Genres] DROP CONSTRAINT [' + @var0 + '];');
ALTER TABLE [Genres] ALTER COLUMN [Name] nvarchar(150) NOT NULL;
GO

INSERT INTO [__EFMigrationsHistory] ([MigrationId], [ProductVersion])
VALUES (N'20230910042842_genreNameLimit150', N'7.0.10');
GO

COMMIT;
GO

BEGIN TRANSACTION;
GO

CREATE TABLE [Actors] (
    [Id] int NOT NULL IDENTITY,
    [Name] nvarchar(150) NOT NULL,
    [DateOfBirth] Date NULL,
    CONSTRAINT [PK_Actors] PRIMARY KEY ([Id])
);
GO

INSERT INTO [__EFMigrationsHistory] ([MigrationId], [ProductVersion])
VALUES (N'20230910073144_actors', N'7.0.10');
GO

COMMIT;
GO

BEGIN TRANSACTION;
GO

CREATE TABLE [Cinemas] (
    [Id] int NOT NULL IDENTITY,
    [Name] nvarchar(150) NOT NULL,
    [Price] decimal(9,2) NOT NULL,
    [Location] geography NOT NULL,
    CONSTRAINT [PK_Cinemas] PRIMARY KEY ([Id])
);
GO

INSERT INTO [__EFMigrationsHistory] ([MigrationId], [ProductVersion])
VALUES (N'20230910085737_cinemas', N'7.0.10');
GO

COMMIT;
GO

BEGIN TRANSACTION;
GO

CREATE TABLE [Movies] (
    [Id] int NOT NULL IDENTITY,
    [Title] nvarchar(150) NOT NULL,
    [InCinemas] bit NOT NULL,
    [ReleaseDate] Date NOT NULL,
    [PosterURL] varchar(500) NOT NULL,
    CONSTRAINT [PK_Movies] PRIMARY KEY ([Id])
);
GO

INSERT INTO [__EFMigrationsHistory] ([MigrationId], [ProductVersion])
VALUES (N'20230910091937_Movies', N'7.0.10');
GO

COMMIT;
GO

BEGIN TRANSACTION;
GO

CREATE TABLE [CinemaOffers] (
    [Id] int NOT NULL IDENTITY,
    [Begin] Date NOT NULL,
    [End] Date NOT NULL,
    [DiscountPercentage] decimal(5,2) NOT NULL,
    [CinemaId] int NOT NULL,
    CONSTRAINT [PK_CinemaOffers] PRIMARY KEY ([Id]),
    CONSTRAINT [FK_CinemaOffers_Cinemas_CinemaId] FOREIGN KEY ([CinemaId]) REFERENCES [Cinemas] ([Id]) ON DELETE CASCADE
);
GO

CREATE UNIQUE INDEX [IX_CinemaOffers_CinemaId] ON [CinemaOffers] ([CinemaId]);
GO

INSERT INTO [__EFMigrationsHistory] ([MigrationId], [ProductVersion])
VALUES (N'20230910105610_CinemaOffers', N'7.0.10');
GO

COMMIT;
GO

BEGIN TRANSACTION;
GO

DECLARE @var1 sysname;
SELECT @var1 = [d].[name]
FROM [sys].[default_constraints] [d]
INNER JOIN [sys].[columns] [c] ON [d].[parent_column_id] = [c].[column_id] AND [d].[parent_object_id] = [c].[object_id]
WHERE ([d].[parent_object_id] = OBJECT_ID(N'[Cinemas]') AND [c].[name] = N'Price');
IF @var1 IS NOT NULL EXEC(N'ALTER TABLE [Cinemas] DROP CONSTRAINT [' + @var1 + '];');
ALTER TABLE [Cinemas] DROP COLUMN [Price];
GO

CREATE TABLE [CinemaHalls] (
    [Id] int NOT NULL IDENTITY,
    [Cost] decimal(9,2) NOT NULL,
    [CinemaId] int NOT NULL,
    CONSTRAINT [PK_CinemaHalls] PRIMARY KEY ([Id]),
    CONSTRAINT [FK_CinemaHalls_Cinemas_CinemaId] FOREIGN KEY ([CinemaId]) REFERENCES [Cinemas] ([Id]) ON DELETE CASCADE
);
GO

CREATE INDEX [IX_CinemaHalls_CinemaId] ON [CinemaHalls] ([CinemaId]);
GO

INSERT INTO [__EFMigrationsHistory] ([MigrationId], [ProductVersion])
VALUES (N'20230910140038_CinemaHalls', N'7.0.10');
GO

COMMIT;
GO

BEGIN TRANSACTION;
GO

ALTER TABLE [CinemaHalls] ADD [CinemaHallTypes] int NOT NULL DEFAULT 1;
GO

INSERT INTO [__EFMigrationsHistory] ([MigrationId], [ProductVersion])
VALUES (N'20230910141706_CinemaHallTypes', N'7.0.10');
GO

COMMIT;
GO

BEGIN TRANSACTION;
GO

CREATE TABLE [CinemaHallMovie] (
    [CinemaHallsId] int NOT NULL,
    [MoviesId] int NOT NULL,
    CONSTRAINT [PK_CinemaHallMovie] PRIMARY KEY ([CinemaHallsId], [MoviesId]),
    CONSTRAINT [FK_CinemaHallMovie_CinemaHalls_CinemaHallsId] FOREIGN KEY ([CinemaHallsId]) REFERENCES [CinemaHalls] ([Id]) ON DELETE CASCADE,
    CONSTRAINT [FK_CinemaHallMovie_Movies_MoviesId] FOREIGN KEY ([MoviesId]) REFERENCES [Movies] ([Id]) ON DELETE CASCADE
);
GO

CREATE TABLE [GenreMovie] (
    [GenresId] int NOT NULL,
    [MoviesId] int NOT NULL,
    CONSTRAINT [PK_GenreMovie] PRIMARY KEY ([GenresId], [MoviesId]),
    CONSTRAINT [FK_GenreMovie_Genres_GenresId] FOREIGN KEY ([GenresId]) REFERENCES [Genres] ([Id]) ON DELETE CASCADE,
    CONSTRAINT [FK_GenreMovie_Movies_MoviesId] FOREIGN KEY ([MoviesId]) REFERENCES [Movies] ([Id]) ON DELETE CASCADE
);
GO

CREATE INDEX [IX_CinemaHallMovie_MoviesId] ON [CinemaHallMovie] ([MoviesId]);
GO

CREATE INDEX [IX_GenreMovie_MoviesId] ON [GenreMovie] ([MoviesId]);
GO

INSERT INTO [__EFMigrationsHistory] ([MigrationId], [ProductVersion])
VALUES (N'20230910144040_ManyToManySkip', N'7.0.10');
GO

COMMIT;
GO

BEGIN TRANSACTION;
GO

CREATE TABLE [MoviesActors] (
    [MovieId] int NOT NULL,
    [ActorId] int NOT NULL,
    [Character] nvarchar(150) NOT NULL,
    [Order] int NOT NULL,
    CONSTRAINT [PK_MoviesActors] PRIMARY KEY ([MovieId], [ActorId]),
    CONSTRAINT [FK_MoviesActors_Actors_ActorId] FOREIGN KEY ([ActorId]) REFERENCES [Actors] ([Id]) ON DELETE CASCADE,
    CONSTRAINT [FK_MoviesActors_Movies_MovieId] FOREIGN KEY ([MovieId]) REFERENCES [Movies] ([Id]) ON DELETE CASCADE
);
GO

CREATE INDEX [IX_MoviesActors_ActorId] ON [MoviesActors] ([ActorId]);
GO

INSERT INTO [__EFMigrationsHistory] ([MigrationId], [ProductVersion])
VALUES (N'20230910150133_MoviesActors', N'7.0.10');
GO

COMMIT;
GO

BEGIN TRANSACTION;
GO

ALTER TABLE [Actors] ADD [Biography] nvarchar(max) NOT NULL DEFAULT N'';
GO

INSERT INTO [__EFMigrationsHistory] ([MigrationId], [ProductVersion])
VALUES (N'20230916150115_ActorBiographyPropertyAdded', N'7.0.10');
GO

COMMIT;
GO

BEGIN TRANSACTION;
GO

DECLARE @var2 sysname;
SELECT @var2 = [d].[name]
FROM [sys].[default_constraints] [d]
INNER JOIN [sys].[columns] [c] ON [d].[parent_column_id] = [c].[column_id] AND [d].[parent_object_id] = [c].[object_id]
WHERE ([d].[parent_object_id] = OBJECT_ID(N'[Actors]') AND [c].[name] = N'Biography');
IF @var2 IS NOT NULL EXEC(N'ALTER TABLE [Actors] DROP CONSTRAINT [' + @var2 + '];');
ALTER TABLE [Actors] ALTER COLUMN [Biography] nvarchar(max) NULL;
GO

IF EXISTS (SELECT * FROM [sys].[identity_columns] WHERE [name] IN (N'Id', N'Biography', N'DateOfBirth', N'Name') AND [object_id] = OBJECT_ID(N'[Actors]'))
    SET IDENTITY_INSERT [Actors] ON;
INSERT INTO [Actors] ([Id], [Biography], [DateOfBirth], [Name])
VALUES (1, N'Thomas Stanley Holland (born 1 June 1996) is an English actor. He is recipient of several accolades, including the 2017 BAFTA Rising Star Award. Holland began his acting career as a child actor on the West End stage in Billy Elliot the Musical at the Victoria Palace Theatre in 2008, playing a supporting part', '1996-06-01T00:00:00.0000000', N'Tom Holland'),
(2, N'Samuel Leroy Jackson (born December 21, 1948) is an American actor and producer. One of the most widely recognized actors of his generation, the films in which he has appeared have collectively grossed over $27 billion worldwide, making him the highest-grossing actor of all time (excluding cameo appearances and voice roles).', '1948-12-21T00:00:00.0000000', N'Samuel L. Jackson'),
(3, N'Robert John Downey Jr. (born April 4, 1965) is an American actor and producer. His career has been characterized by critical and popular success in his youth, followed by a period of substance abuse and legal troubles, before a resurgence of commercial success later in his career.', '1965-04-04T00:00:00.0000000', N'Robert Downey Jr.'),
(4, NULL, '1981-06-13T00:00:00.0000000', N'Chris Evans'),
(5, NULL, '1972-05-02T00:00:00.0000000', N'Dwayne Johnson'),
(6, NULL, '2000-11-22T00:00:00.0000000', N'Auli''i Cravalho'),
(7, NULL, '1984-11-22T00:00:00.0000000', N'Scarlett Johansson'),
(8, NULL, '1964-09-02T00:00:00.0000000', N'Keanu Reeves');
IF EXISTS (SELECT * FROM [sys].[identity_columns] WHERE [name] IN (N'Id', N'Biography', N'DateOfBirth', N'Name') AND [object_id] = OBJECT_ID(N'[Actors]'))
    SET IDENTITY_INSERT [Actors] OFF;
GO

IF EXISTS (SELECT * FROM [sys].[identity_columns] WHERE [name] IN (N'Id', N'Location', N'Name') AND [object_id] = OBJECT_ID(N'[Cinemas]'))
    SET IDENTITY_INSERT [Cinemas] ON;
INSERT INTO [Cinemas] ([Id], [Location], [Name])
VALUES (1, geography::Parse('POINT (-69.9388777 18.4839233)'), N'Agora Mall'),
(2, geography::Parse('POINT (-69.911582 18.482455)'), N'Sambil'),
(3, geography::Parse('POINT (-69.856309 18.506662)'), N'Megacentro'),
(4, geography::Parse('POINT (-69.939248 18.469649)'), N'Acropolis');
IF EXISTS (SELECT * FROM [sys].[identity_columns] WHERE [name] IN (N'Id', N'Location', N'Name') AND [object_id] = OBJECT_ID(N'[Cinemas]'))
    SET IDENTITY_INSERT [Cinemas] OFF;
GO

IF EXISTS (SELECT * FROM [sys].[identity_columns] WHERE [name] IN (N'Id', N'Name') AND [object_id] = OBJECT_ID(N'[Genres]'))
    SET IDENTITY_INSERT [Genres] ON;
INSERT INTO [Genres] ([Id], [Name])
VALUES (1, N'Action'),
(2, N'Animation'),
(3, N'Comedy'),
(4, N'Science Fiction'),
(5, N'Drama');
IF EXISTS (SELECT * FROM [sys].[identity_columns] WHERE [name] IN (N'Id', N'Name') AND [object_id] = OBJECT_ID(N'[Genres]'))
    SET IDENTITY_INSERT [Genres] OFF;
GO

IF EXISTS (SELECT * FROM [sys].[identity_columns] WHERE [name] IN (N'Id', N'InCinemas', N'PosterURL', N'ReleaseDate', N'Title') AND [object_id] = OBJECT_ID(N'[Movies]'))
    SET IDENTITY_INSERT [Movies] ON;
INSERT INTO [Movies] ([Id], [InCinemas], [PosterURL], [ReleaseDate], [Title])
VALUES (1, CAST(0 AS bit), 'https://upload.wikimedia.org/wikipedia/en/8/8a/The_Avengers_%282012_film%29_poster.jpg', '2012-04-11T00:00:00.0000000', N'Avengers'),
(2, CAST(0 AS bit), 'https://upload.wikimedia.org/wikipedia/en/9/98/Coco_%282017_film%29_poster.jpg', '2017-11-22T00:00:00.0000000', N'Coco'),
(3, CAST(0 AS bit), 'https://upload.wikimedia.org/wikipedia/en/0/00/Spider-Man_No_Way_Home_poster.jpg', '2022-12-17T00:00:00.0000000', N'Spider-Man: No way home'),
(4, CAST(0 AS bit), 'https://upload.wikimedia.org/wikipedia/en/0/00/Spider-Man_No_Way_Home_poster.jpg', '2019-07-02T00:00:00.0000000', N'Spider-Man: Far From Home'),
(5, CAST(1 AS bit), 'https://upload.wikimedia.org/wikipedia/en/5/50/The_Matrix_Resurrections.jpg', '2023-01-01T00:00:00.0000000', N'The Matrix Resurrections');
IF EXISTS (SELECT * FROM [sys].[identity_columns] WHERE [name] IN (N'Id', N'InCinemas', N'PosterURL', N'ReleaseDate', N'Title') AND [object_id] = OBJECT_ID(N'[Movies]'))
    SET IDENTITY_INSERT [Movies] OFF;
GO

IF EXISTS (SELECT * FROM [sys].[identity_columns] WHERE [name] IN (N'Id', N'CinemaHallTypes', N'CinemaId', N'Cost') AND [object_id] = OBJECT_ID(N'[CinemaHalls]'))
    SET IDENTITY_INSERT [CinemaHalls] ON;
INSERT INTO [CinemaHalls] ([Id], [CinemaHallTypes], [CinemaId], [Cost])
VALUES (1, 1, 1, 220.0),
(2, 2, 1, 320.0),
(3, 1, 2, 200.0),
(4, 2, 2, 290.0),
(5, 1, 3, 250.0),
(6, 2, 3, 330.0),
(7, 3, 3, 450.0),
(8, 1, 4, 250.0);
IF EXISTS (SELECT * FROM [sys].[identity_columns] WHERE [name] IN (N'Id', N'CinemaHallTypes', N'CinemaId', N'Cost') AND [object_id] = OBJECT_ID(N'[CinemaHalls]'))
    SET IDENTITY_INSERT [CinemaHalls] OFF;
GO

IF EXISTS (SELECT * FROM [sys].[identity_columns] WHERE [name] IN (N'Id', N'Begin', N'CinemaId', N'DiscountPercentage', N'End') AND [object_id] = OBJECT_ID(N'[CinemaOffers]'))
    SET IDENTITY_INSERT [CinemaOffers] ON;
INSERT INTO [CinemaOffers] ([Id], [Begin], [CinemaId], [DiscountPercentage], [End])
VALUES (1, '2022-02-22T00:00:00.0000000', 1, 10.0, '2022-04-22T00:00:00.0000000'),
(2, '2022-02-15T00:00:00.0000000', 4, 15.0, '2022-02-22T00:00:00.0000000');
IF EXISTS (SELECT * FROM [sys].[identity_columns] WHERE [name] IN (N'Id', N'Begin', N'CinemaId', N'DiscountPercentage', N'End') AND [object_id] = OBJECT_ID(N'[CinemaOffers]'))
    SET IDENTITY_INSERT [CinemaOffers] OFF;
GO

IF EXISTS (SELECT * FROM [sys].[identity_columns] WHERE [name] IN (N'GenresId', N'MoviesId') AND [object_id] = OBJECT_ID(N'[GenreMovie]'))
    SET IDENTITY_INSERT [GenreMovie] ON;
INSERT INTO [GenreMovie] ([GenresId], [MoviesId])
VALUES (1, 1),
(1, 3),
(1, 4),
(1, 5),
(2, 2),
(3, 3),
(3, 4),
(4, 1),
(4, 3),
(4, 4),
(4, 5),
(5, 5);
IF EXISTS (SELECT * FROM [sys].[identity_columns] WHERE [name] IN (N'GenresId', N'MoviesId') AND [object_id] = OBJECT_ID(N'[GenreMovie]'))
    SET IDENTITY_INSERT [GenreMovie] OFF;
GO

IF EXISTS (SELECT * FROM [sys].[identity_columns] WHERE [name] IN (N'ActorId', N'MovieId', N'Character', N'Order') AND [object_id] = OBJECT_ID(N'[MoviesActors]'))
    SET IDENTITY_INSERT [MoviesActors] ON;
INSERT INTO [MoviesActors] ([ActorId], [MovieId], [Character], [Order])
VALUES (3, 1, N'Iron Man', 2),
(4, 1, N'Capitán América', 1),
(7, 1, N'Black Widow', 3),
(1, 3, N'Peter Parker', 1),
(1, 4, N'Peter Parker', 1),
(2, 4, N'Samuel L. Jackson', 2),
(8, 5, N'Neo', 1);
IF EXISTS (SELECT * FROM [sys].[identity_columns] WHERE [name] IN (N'ActorId', N'MovieId', N'Character', N'Order') AND [object_id] = OBJECT_ID(N'[MoviesActors]'))
    SET IDENTITY_INSERT [MoviesActors] OFF;
GO

IF EXISTS (SELECT * FROM [sys].[identity_columns] WHERE [name] IN (N'CinemaHallsId', N'MoviesId') AND [object_id] = OBJECT_ID(N'[CinemaHallMovie]'))
    SET IDENTITY_INSERT [CinemaHallMovie] ON;
INSERT INTO [CinemaHallMovie] ([CinemaHallsId], [MoviesId])
VALUES (1, 5),
(2, 5),
(3, 5),
(4, 5),
(5, 5),
(6, 5),
(7, 5);
IF EXISTS (SELECT * FROM [sys].[identity_columns] WHERE [name] IN (N'CinemaHallsId', N'MoviesId') AND [object_id] = OBJECT_ID(N'[CinemaHallMovie]'))
    SET IDENTITY_INSERT [CinemaHallMovie] OFF;
GO

INSERT INTO [__EFMigrationsHistory] ([MigrationId], [ProductVersion])
VALUES (N'20230916150458_ActorBiographyAllowNull', N'7.0.10');
GO

COMMIT;
GO

BEGIN TRANSACTION;
GO

ALTER TABLE [Genres] ADD [IsDeleted] bit NOT NULL DEFAULT CAST(0 AS bit);
GO

UPDATE [Genres] SET [IsDeleted] = CAST(0 AS bit)
WHERE [Id] = 1;
SELECT @@ROWCOUNT;

GO

UPDATE [Genres] SET [IsDeleted] = CAST(0 AS bit)
WHERE [Id] = 2;
SELECT @@ROWCOUNT;

GO

UPDATE [Genres] SET [IsDeleted] = CAST(0 AS bit)
WHERE [Id] = 3;
SELECT @@ROWCOUNT;

GO

UPDATE [Genres] SET [IsDeleted] = CAST(0 AS bit)
WHERE [Id] = 4;
SELECT @@ROWCOUNT;

GO

UPDATE [Genres] SET [IsDeleted] = CAST(0 AS bit)
WHERE [Id] = 5;
SELECT @@ROWCOUNT;

GO

INSERT INTO [__EFMigrationsHistory] ([MigrationId], [ProductVersion])
VALUES (N'20231003040539_GenreSoftDelete', N'7.0.10');
GO

COMMIT;
GO

BEGIN TRANSACTION;
GO

CREATE TABLE [Logs] (
    [Id] uniqueidentifier NOT NULL,
    [Message] nvarchar(max) NOT NULL,
    CONSTRAINT [PK_Logs] PRIMARY KEY ([Id])
);
GO

INSERT INTO [__EFMigrationsHistory] ([MigrationId], [ProductVersion])
VALUES (N'20231005054703_Log', N'7.0.10');
GO

COMMIT;
GO

BEGIN TRANSACTION;
GO

CREATE UNIQUE INDEX [IX_Genres_Name] ON [Genres] ([Name]);
GO

INSERT INTO [__EFMigrationsHistory] ([MigrationId], [ProductVersion])
VALUES (N'20231006063230_GenreIndex', N'7.0.10');
GO

COMMIT;
GO

BEGIN TRANSACTION;
GO

DROP INDEX [IX_Genres_Name] ON [Genres];
GO

CREATE UNIQUE INDEX [IX_Genres_Name] ON [Genres] ([Name]) WHERE IsDeleted = 'false';
GO

INSERT INTO [__EFMigrationsHistory] ([MigrationId], [ProductVersion])
VALUES (N'20231010042623_GenreIndexWithFilter', N'7.0.10');
GO

COMMIT;
GO

BEGIN TRANSACTION;
GO

ALTER TABLE [CinemaHalls] ADD [Currency] nvarchar(max) NOT NULL DEFAULT N'';
GO

UPDATE [CinemaHalls] SET [Currency] = N''
WHERE [Id] = 1;
SELECT @@ROWCOUNT;

GO

UPDATE [CinemaHalls] SET [Currency] = N''
WHERE [Id] = 2;
SELECT @@ROWCOUNT;

GO

UPDATE [CinemaHalls] SET [Currency] = N''
WHERE [Id] = 3;
SELECT @@ROWCOUNT;

GO

UPDATE [CinemaHalls] SET [Currency] = N''
WHERE [Id] = 4;
SELECT @@ROWCOUNT;

GO

UPDATE [CinemaHalls] SET [Currency] = N''
WHERE [Id] = 5;
SELECT @@ROWCOUNT;

GO

UPDATE [CinemaHalls] SET [Currency] = N''
WHERE [Id] = 6;
SELECT @@ROWCOUNT;

GO

UPDATE [CinemaHalls] SET [Currency] = N''
WHERE [Id] = 7;
SELECT @@ROWCOUNT;

GO

UPDATE [CinemaHalls] SET [Currency] = N''
WHERE [Id] = 8;
SELECT @@ROWCOUNT;

GO

INSERT INTO [__EFMigrationsHistory] ([MigrationId], [ProductVersion])
VALUES (N'20231010074801_currencytostring_converter', N'7.0.10');
GO

COMMIT;
GO

BEGIN TRANSACTION;
GO

create view dbo.MoviesWithCounts as
                                    select Id, Title,
                                    (select count(*) from GenreMovie where MoviesId = Movies.Id) as AmountGenres,
                                    (select count(distinct moviesId) from CinemaHallMovie
                                    inner join CinemaHalls on CinemaHalls.Id = CinemaHallMovie.CinemaHallsId
                                    where MoviesId = Movies.Id) as AmountCinemas,
                                    (select count(*) from MoviesActors where MovieId = Movies.Id) as AmountActors
                                    from Movies
GO

INSERT INTO [__EFMigrationsHistory] ([MigrationId], [ProductVersion])
VALUES (N'20231014152102_ViewMovieCount', N'7.0.10');
GO

COMMIT;
GO

BEGIN TRANSACTION;
GO

ALTER TABLE [Logs] ADD [CreatedDate] datetime2 NOT NULL DEFAULT (GetDate());
GO

INSERT INTO [__EFMigrationsHistory] ([MigrationId], [ProductVersion])
VALUES (N'20231015041640_LogCreatedDate', N'7.0.10');
GO

COMMIT;
GO

BEGIN TRANSACTION;
GO

ALTER TABLE [Actors] ADD [PictureURL] varchar(max) NULL;
GO

UPDATE [Actors] SET [PictureURL] = NULL
WHERE [Id] = 1;
SELECT @@ROWCOUNT;

GO

UPDATE [Actors] SET [PictureURL] = NULL
WHERE [Id] = 2;
SELECT @@ROWCOUNT;

GO

UPDATE [Actors] SET [PictureURL] = NULL
WHERE [Id] = 3;
SELECT @@ROWCOUNT;

GO

UPDATE [Actors] SET [PictureURL] = NULL
WHERE [Id] = 4;
SELECT @@ROWCOUNT;

GO

UPDATE [Actors] SET [PictureURL] = NULL
WHERE [Id] = 5;
SELECT @@ROWCOUNT;

GO

UPDATE [Actors] SET [PictureURL] = NULL
WHERE [Id] = 6;
SELECT @@ROWCOUNT;

GO

UPDATE [Actors] SET [PictureURL] = NULL
WHERE [Id] = 7;
SELECT @@ROWCOUNT;

GO

UPDATE [Actors] SET [PictureURL] = NULL
WHERE [Id] = 8;
SELECT @@ROWCOUNT;

GO

INSERT INTO [__EFMigrationsHistory] ([MigrationId], [ProductVersion])
VALUES (N'20231015050253_ActorPictureURL', N'7.0.10');
GO

COMMIT;
GO

BEGIN TRANSACTION;
GO

DECLARE @var3 sysname;
SELECT @var3 = [d].[name]
FROM [sys].[default_constraints] [d]
INNER JOIN [sys].[columns] [c] ON [d].[parent_column_id] = [c].[column_id] AND [d].[parent_object_id] = [c].[object_id]
WHERE ([d].[parent_object_id] = OBJECT_ID(N'[Actors]') AND [c].[name] = N'PictureURL');
IF @var3 IS NOT NULL EXEC(N'ALTER TABLE [Actors] DROP CONSTRAINT [' + @var3 + '];');
ALTER TABLE [Actors] DROP COLUMN [PictureURL];
GO

INSERT INTO [__EFMigrationsHistory] ([MigrationId], [ProductVersion])
VALUES (N'20231016064947_CleanupModule6', N'7.0.10');
GO

COMMIT;
GO

BEGIN TRANSACTION;
GO

CREATE TABLE [People] (
    [Id] int NOT NULL IDENTITY,
    [Name] nvarchar(max) NOT NULL,
    CONSTRAINT [PK_People] PRIMARY KEY ([Id])
);
GO

CREATE TABLE [Messages] (
    [Id] int NOT NULL IDENTITY,
    [Content] nvarchar(max) NOT NULL,
    [SenderId] int NOT NULL,
    [ReceiverId] int NOT NULL,
    CONSTRAINT [PK_Messages] PRIMARY KEY ([Id]),
    CONSTRAINT [FK_Messages_People_ReceiverId] FOREIGN KEY ([ReceiverId]) REFERENCES [People] ([Id]) ON DELETE NO ACTION,
    CONSTRAINT [FK_Messages_People_SenderId] FOREIGN KEY ([SenderId]) REFERENCES [People] ([Id]) ON DELETE NO ACTION
);
GO

IF EXISTS (SELECT * FROM [sys].[identity_columns] WHERE [name] IN (N'Id', N'Name') AND [object_id] = OBJECT_ID(N'[People]'))
    SET IDENTITY_INSERT [People] ON;
INSERT INTO [People] ([Id], [Name])
VALUES (1, N'Felipe'),
(2, N'Claudia');
IF EXISTS (SELECT * FROM [sys].[identity_columns] WHERE [name] IN (N'Id', N'Name') AND [object_id] = OBJECT_ID(N'[People]'))
    SET IDENTITY_INSERT [People] OFF;
GO

IF EXISTS (SELECT * FROM [sys].[identity_columns] WHERE [name] IN (N'Id', N'Content', N'ReceiverId', N'SenderId') AND [object_id] = OBJECT_ID(N'[Messages]'))
    SET IDENTITY_INSERT [Messages] ON;
INSERT INTO [Messages] ([Id], [Content], [ReceiverId], [SenderId])
VALUES (1, N'Hello, Claudia!', 2, 1),
(2, N'Hello, Felipe, how are you?', 1, 2),
(3, N'All good, and you?', 2, 1),
(4, N'Very good :)', 1, 2);
IF EXISTS (SELECT * FROM [sys].[identity_columns] WHERE [name] IN (N'Id', N'Content', N'ReceiverId', N'SenderId') AND [object_id] = OBJECT_ID(N'[Messages]'))
    SET IDENTITY_INSERT [Messages] OFF;
GO

CREATE INDEX [IX_Messages_ReceiverId] ON [Messages] ([ReceiverId]);
GO

CREATE INDEX [IX_Messages_SenderId] ON [Messages] ([SenderId]);
GO

INSERT INTO [__EFMigrationsHistory] ([MigrationId], [ProductVersion])
VALUES (N'20231020040053_PeopleAndMessages', N'7.0.10');
GO

COMMIT;
GO

BEGIN TRANSACTION;
GO

ALTER TABLE [Cinemas] ADD [CodeOfConduct] nvarchar(max) NOT NULL DEFAULT N'';
GO

ALTER TABLE [Cinemas] ADD [History] nvarchar(max) NOT NULL DEFAULT N'';
GO

ALTER TABLE [Cinemas] ADD [Missions] nvarchar(max) NOT NULL DEFAULT N'';
GO

ALTER TABLE [Cinemas] ADD [Values] nvarchar(max) NOT NULL DEFAULT N'';
GO

INSERT INTO [__EFMigrationsHistory] ([MigrationId], [ProductVersion])
VALUES (N'20231025040844_CinemaDetail', N'7.0.10');
GO

COMMIT;
GO

BEGIN TRANSACTION;
GO

ALTER TABLE [Cinemas] ADD [Country] nvarchar(max) NOT NULL DEFAULT N'';
GO

ALTER TABLE [Cinemas] ADD [Province] nvarchar(max) NOT NULL DEFAULT N'';
GO

ALTER TABLE [Cinemas] ADD [Street] nvarchar(max) NOT NULL DEFAULT N'';
GO

ALTER TABLE [Actors] ADD [Country] nvarchar(max) NOT NULL DEFAULT N'';
GO

ALTER TABLE [Actors] ADD [Province] nvarchar(max) NOT NULL DEFAULT N'';
GO

ALTER TABLE [Actors] ADD [Street] nvarchar(max) NOT NULL DEFAULT N'';
GO

INSERT INTO [__EFMigrationsHistory] ([MigrationId], [ProductVersion])
VALUES (N'20231026031625_OwnedTypes', N'7.0.10');
GO

COMMIT;
GO

BEGIN TRANSACTION;
GO

CREATE TABLE [Payments] (
    [Id] int NOT NULL IDENTITY,
    [Amount] decimal(18,2) NOT NULL,
    [PaymentDate] datetime2 NOT NULL,
    [PaymentType] int NOT NULL,
    [Last4Digits] char(4) NULL,
    [EmailAddress] nvarchar(max) NULL,
    CONSTRAINT [PK_Payments] PRIMARY KEY ([Id])
);
GO

IF EXISTS (SELECT * FROM [sys].[identity_columns] WHERE [name] IN (N'Id', N'Amount', N'EmailAddress', N'PaymentDate', N'PaymentType') AND [object_id] = OBJECT_ID(N'[Payments]'))
    SET IDENTITY_INSERT [Payments] ON;
INSERT INTO [Payments] ([Id], [Amount], [EmailAddress], [PaymentDate], [PaymentType])
VALUES (-2, 456.0, N'claudia@hotmail.com', '2023-03-01T00:00:00.0000000', 1),
(-1, 123.0, N'felipe@hotmail.com', '2023-03-02T00:00:00.0000000', 1);
IF EXISTS (SELECT * FROM [sys].[identity_columns] WHERE [name] IN (N'Id', N'Amount', N'EmailAddress', N'PaymentDate', N'PaymentType') AND [object_id] = OBJECT_ID(N'[Payments]'))
    SET IDENTITY_INSERT [Payments] OFF;
GO

IF EXISTS (SELECT * FROM [sys].[identity_columns] WHERE [name] IN (N'Id', N'Amount', N'Last4Digits', N'PaymentDate', N'PaymentType') AND [object_id] = OBJECT_ID(N'[Payments]'))
    SET IDENTITY_INSERT [Payments] ON;
INSERT INTO [Payments] ([Id], [Amount], [Last4Digits], [PaymentDate], [PaymentType])
VALUES (1, 15.99, '4567', '2023-03-02T00:00:00.0000000', 2),
(2, 19.0, '1111', '2023-03-02T00:00:00.0000000', 2);
IF EXISTS (SELECT * FROM [sys].[identity_columns] WHERE [name] IN (N'Id', N'Amount', N'Last4Digits', N'PaymentDate', N'PaymentType') AND [object_id] = OBJECT_ID(N'[Payments]'))
    SET IDENTITY_INSERT [Payments] OFF;
GO

INSERT INTO [__EFMigrationsHistory] ([MigrationId], [ProductVersion])
VALUES (N'20231029054728_payment', N'7.0.10');
GO

COMMIT;
GO

BEGIN TRANSACTION;
GO

CREATE TABLE [Products] (
    [Id] int NOT NULL IDENTITY,
    [Name] nvarchar(max) NOT NULL,
    [Price] decimal(18,2) NOT NULL,
    CONSTRAINT [PK_Products] PRIMARY KEY ([Id])
);
GO

CREATE TABLE [Merchandising] (
    [Id] int NOT NULL,
    [Available] bit NOT NULL,
    [Weight] float NOT NULL,
    [Volume] float NOT NULL,
    [IsClothing] bit NOT NULL,
    [IsCollectionable] bit NOT NULL,
    CONSTRAINT [PK_Merchandising] PRIMARY KEY ([Id]),
    CONSTRAINT [FK_Merchandising_Products_Id] FOREIGN KEY ([Id]) REFERENCES [Products] ([Id]) ON DELETE CASCADE
);
GO

CREATE TABLE [RentableMovies] (
    [Id] int NOT NULL,
    [MovieId] int NOT NULL,
    CONSTRAINT [PK_RentableMovies] PRIMARY KEY ([Id]),
    CONSTRAINT [FK_RentableMovies_Products_Id] FOREIGN KEY ([Id]) REFERENCES [Products] ([Id]) ON DELETE CASCADE
);
GO

IF EXISTS (SELECT * FROM [sys].[identity_columns] WHERE [name] IN (N'Id', N'Name', N'Price') AND [object_id] = OBJECT_ID(N'[Products]'))
    SET IDENTITY_INSERT [Products] ON;
INSERT INTO [Products] ([Id], [Name], [Price])
VALUES (1, N'Spider-Man', 5.99),
(2, N'One Piece T-Shirt', 11.0);
IF EXISTS (SELECT * FROM [sys].[identity_columns] WHERE [name] IN (N'Id', N'Name', N'Price') AND [object_id] = OBJECT_ID(N'[Products]'))
    SET IDENTITY_INSERT [Products] OFF;
GO

IF EXISTS (SELECT * FROM [sys].[identity_columns] WHERE [name] IN (N'Id', N'Available', N'IsClothing', N'IsCollectionable', N'Volume', N'Weight') AND [object_id] = OBJECT_ID(N'[Merchandising]'))
    SET IDENTITY_INSERT [Merchandising] ON;
INSERT INTO [Merchandising] ([Id], [Available], [IsClothing], [IsCollectionable], [Volume], [Weight])
VALUES (2, CAST(1 AS bit), CAST(1 AS bit), CAST(0 AS bit), 1.0E0, 1.0E0);
IF EXISTS (SELECT * FROM [sys].[identity_columns] WHERE [name] IN (N'Id', N'Available', N'IsClothing', N'IsCollectionable', N'Volume', N'Weight') AND [object_id] = OBJECT_ID(N'[Merchandising]'))
    SET IDENTITY_INSERT [Merchandising] OFF;
GO

IF EXISTS (SELECT * FROM [sys].[identity_columns] WHERE [name] IN (N'Id', N'MovieId') AND [object_id] = OBJECT_ID(N'[RentableMovies]'))
    SET IDENTITY_INSERT [RentableMovies] ON;
INSERT INTO [RentableMovies] ([Id], [MovieId])
VALUES (1, 1);
IF EXISTS (SELECT * FROM [sys].[identity_columns] WHERE [name] IN (N'Id', N'MovieId') AND [object_id] = OBJECT_ID(N'[RentableMovies]'))
    SET IDENTITY_INSERT [RentableMovies] OFF;
GO

INSERT INTO [__EFMigrationsHistory] ([MigrationId], [ProductVersion])
VALUES (N'20231029105407_Products', N'7.0.10');
GO

COMMIT;
GO

